name,location,age,occupation
Alayah B.,"San Antonio, TX",24,Miss Texas 2019
Alexa C.,"Chicago, IL",27,Esthetician
Avonlea E.,"Fort Worth, TX",27,Cattle rancher and model
Courtney P.,"Venice, FL",26,Cosmetologist
Deandra K.,"Plano, TX",23,Home Care Coordinator
Eunice C.,"Chicago, IL",23,Flight attendant
Hannah Ann S.,"Knoxville, TN",23,Model
Jade M.,"Mesa, AZ",26,Flight attendant
Jasmine N.,"Houston, TX",25,Client relations manager
Jenna S.,"New Lenox, IL",22,Nursing student
Katrina B.,"Chicago, IL",28,Professional sports dancer
Kelley F.,"Chicago, IL",27,Attorney
Kelsey W.,"Des Moines, IA",28,Professional clothier
Kiarra N.,"Kennesaw, GA",23,Nanny
Kylie R.,"Los Angeles, CA",26,Entertainment sales associate
Lauren J.,"Los Angeles, CA",26,Marketing executive
Lexi B.,"New York, NY",26,Marketing coordinator
Madison P.,"Birmingham, AL",23,Foster parent recruiter
Maurissa G.,"Atlanta, GA",23,Patient care coordinator
Megan H.,"Daly City, CA",26,Flight attendant
Mykenna D.,"Langely, BC, Canada",22,Fashion blogger
Natasha P.,"New York, NY",31,Event planner
Payton M.,"Wellesley, MA",23,Business development representative
Sarah C.,"Knoxville, TN",24,Medical radiographer
Savannah M.,"Houston, TX",27,Realtor
Shiann L.,"Las Vegas, NV",27,Administrative assistant
Sydney H.,"Birmingham, AL",24,Retail marketing manager
Tammy L.,"Syracuse, NY",24,House flipper
Victoria F.,"Virginia Beach, VA",25,Medical sales representative
Victoria P.,"Alexandria, LA",27,Nurse
Placeholder,"Placeholder",32
